file title,max,min,rows,columns
combustible,80.32762987798627,17.00657918283367,200,1
combustible,80.32762987798627,17.00657918283367,200,1
combustible,80.32762987798627,17.00657918283367,200,1
combustible,80.32762987798627,17.00657918283367,200,1
combustible,80.32762987798627,17.00657918283367,200,1
