file title,max,min,rows,columns
combustible,84.15466801479752,20.005616138040427,200,1
combustible,84.15466801479752,20.005616138040427,200,1
combustible,84.15466801479752,20.005616138040427,200,1
combustible,84.15466801479752,20.005616138040427,200,1
combustible,84.15466801479752,20.005616138040427,200,1
