file title,max,min,rows,columns
humitat,1600.0,20.924670784847855,200,1
humitat,1600.0,20.924670784847855,200,1
humitat,1600.0,20.924670784847855,200,1
humitat,1600.0,20.924670784847855,200,1
humitat,1600.0,20.924670784847855,200,1
