file title,max,min,rows,columns
humitat,800.0,18.037117460228664,200,1
humitat,800.0,18.037117460228664,200,1
humitat,800.0,18.037117460228664,200,1
humitat,800.0,18.037117460228664,200,1
humitat,800.0,18.037117460228664,200,1
